student_id,display_name
0554,小偉
0159,小峰
0317,小龍
0331,小龍
0510,小剛
0522,小華
0534,小華
0546,小偉
0100,小鳳
0112,小強
0124,小剛
0136,小志
0148,小剛
0150,小強
0162,小文
0174,小芳
0186,小芳
0198,小龍
0203,小雯
0215,小偉
0227,小麗
0239,小軍
0241,小娟
0253,小琪
0265,小雯
0277,小蘭
0289,小剛
0291,小雯
0306,小偉
0318,小慧
0320,小志
0332,小萍
0344,小明
0356,小偉
0368,小玲
0370,小峰
0382,小玲
0394,小萍
0409,小偉
0411,小紅
0423,小珍
0435,小珍
0447,小龍
0459,小龍
0461,小明
0473,小美
0485,小雯
0497,小輝
0502,小婷
0514,小琪
0526,小宇
0538,小志
0540,小紅
0552,小萍
0576,小軍
0588,小偉
0590,小文
0605,小君
0617,小娟
0629,小雯
0631,小豪
0643,小婷
0655,小偉
0667,小豪
1013,小雯
1025,小萍
1037,小強
1049,小琪
1051,小強
2017,小芳
2029,小美
2031,小蘭
2043,小君
